1,مرکزي,0-05-01,01,05,0,3,1
2,مرکزي,0-01-02,02,01,0,3,2
3,ساروق,0-01-03,03,01,0,3,2
4,معصوميه,0-01-04,04,01,0,3,2
5,مرکزي,0-02-01,01,02,0,3,3
6,مرکزي,0-03-02,02,03,0,3,4
7,مرکزي,0-04-01,01,04,0,3,5
8,کمره,0-04-02,02,04,0,3,5
9,مرکزي,0-07-01,01,07,0,3,6
10,مرکزي,0-06-03,03,06,0,3,7
11,نوبران,0-06-04,04,06,0,3,7
12,سربند,0-07-02,02,07,0,3,6
13,زاليان,0-07-03,03,07,0,3,6
14,قره کهريز,0-07-04,04,07,0,3,6
15,مرکزي,0-09-01,01,09,0,3,8
16,خرقان,0-10-01,01,10,0,3,9
17,مرکزي,0-10-02,02,10,0,3,9
18,مرکزي,0-11-01,01,11,0,3,10
19,ميلاجرد,0-11-02,02,11,0,3,10
20,قره چاي,0-12-01,01,12,0,3,11
21,مرکزي,0-12-02,02,12,0,3,11
22,مرکزي,0-13-01,01,13,0,3,12
23,خنجين,0-13-02,02,13,0,3,12
24,مركزئ,1-01-01,01,01,1,3,13
25,لوندويل,1-01-02,02,01,1,3,13
26,كياشهر,1-02-01,01,02,1,3,14
27,مركزئ,1-02-02,02,02,1,3,14
28,مركزئ,1-03-01,01,03,1,3,15
29,مركزئ,1-04-03,03,04,1,3,16
30,کرگان رود,1-04-04,04,04,1,3,16
31,ميرزاكوچك جنگلي,1-08-03,03,08,1,3,22
32,مركزئ,1-09-02,02,09,1,3,17
33,لشت نشاء,1-05-04,04,05,1,3,18
34,مركزئ,1-05-05,05,05,1,3,18
35,اسالم,1-04-05,05,04,1,3,16
36,حويق,1-04-06,06,04,1,3,16
37,سنگر,1-05-02,02,05,1,3,18
38,مركزئ,1-07-03,03,07,1,3,20
39,چابكسر,1-07-04,04,07,1,3,20
40,كوچصفهان,1-05-03,03,05,1,3,18
41,خشكبيجار,1-05-06,06,05,1,3,18
42,رحمت آباد و بلوکات,1-06-01,01,06,1,3,19
43,عمارلو,1-06-02,02,06,1,3,19
44,مركزئ,1-06-03,03,06,1,3,19
45,خورگام,1-06-04,04,06,1,3,19
46,رحيم آباد,1-07-02,02,07,1,3,20
47,كلاچائ,1-07-05,05,07,1,3,20
48,مرکزی,1-17-01,01,17,1,3,21
49,چوکام,1-17-02,02,17,1,3,21
50,تولم,1-08-01,01,08,1,3,22
51,مركزئ,1-08-02,02,08,1,3,22
52,سردارجنگل,1-09-03,03,09,1,3,17
53,مركزئ,1-10-01,01,10,1,3,23
54,اطاقور,1-10-02,02,10,1,3,23
55,كومله,1-10-03,03,10,1,3,23
56,مركزئ,1-11-02,02,11,1,3,24
57,مركزئ,1-14-02,02,14,1,3,28
58,ديلمان,1-15-01,01,15,1,3,25
59,مركزئ,1-15-02,02,15,1,3,25
60,مركزئ,1-16-02,02,16,1,3,29
61,رودبنه,1-11-04,04,11,1,3,24
62,احمدسرگوراب,1-12-01,01,12,1,3,26
63,مركزئ,1-12-02,02,12,1,3,26
64,رانكوه,1-13-01,01,13,1,3,27
65,مركزئ,1-13-02,02,13,1,3,27
66,پره سر,1-14-01,01,14,1,3,28
67,شاندرمن,1-16-01,01,16,1,3,29
68,لاريجان,2-01-01,01,01,2,3,30
69,مركزئ,2-01-02,02,01,2,3,30
70,دابودشت,2-01-03,03,01,2,3,30
71,امامزاده عبدالله,2-01-04,04,01,2,3,30
72,دشت سر,2-01-05,05,01,2,3,30
73,بندپي غربي,2-02-01,01,02,2,3,31
74,مركزئ,2-02-02,02,02,2,3,31
75,بندپي شرقي,2-02-03,03,02,2,3,31
76,بابل كنار,2-02-04,04,02,2,3,31
77,لاله آباد,2-02-05,05,02,2,3,31
78,گتاب,2-02-06,06,02,2,3,31
79,مركزئ,2-04-02,02,04,2,3,32
80,يانه سر,2-04-04,04,04,2,3,32
81,مركزئ,2-05-02,02,05,2,3,33
82,سرخرود,2-18-01,01,18,2,3,34
83,خرم آباد,2-05-04,04,05,2,3,33
84,کوهستان,2-05-05,05,05,2,3,33
85,نشتا,2-05-03,03,05,2,3,33
86,مركزئ,2-10-02,02,10,2,3,35
87,دودانگه,2-07-02,02,07,2,3,37
88,مركزئ,2-07-03,03,07,2,3,37
89,مركزئ,2-06-01,01,06,2,3,36
90,دالخاني,2-06-02,02,06,2,3,36
91,چهاردانگه,2-07-01,01,07,2,3,37
92,كجور,2-15-02,02,15,2,3,38
93,كليجان رستاق,2-07-05,05,07,2,3,37
94,رودپي,2-07-06,06,07,2,3,37
95,رودپي شمالي,2-07-07,07,07,2,3,37
96,مركزئ,2-08-02,02,08,2,3,39
97,زيرآب,2-08-03,03,08,2,3,39
98,بلده,2-14-01,01,14,2,3,40
99,چمستان,2-14-02,02,14,2,3,40
100,مركزئ,2-16-02,02,16,2,3,41
101,بهنمير,2-16-03,03,16,2,3,41
102,مركزئ,2-21-02,02,21,2,3,44
103,مركزئ,2-14-03,03,14,2,3,40
104,مركزئ,2-15-04,04,15,2,3,38
105,مركزئ,2-18-02,02,18,2,3,34
106,رودبست,2-16-04,04,16,2,3,41
107,مركزئ,2-19-01,01,19,2,3,42
108,هزارجريب,2-19-02,02,19,2,3,42
109,مركزئ,2-20-02,02,20,2,3,43
110,مرزن آباد,2-20-03,03,20,2,3,43
111,گيل خوران,2-21-01,01,21,2,3,44
112,مركزي,2-24-01,01,24,2,3,45
113,سلمانشهر,2-24-02,02,24,2,3,45
114,کلار,2-24-03,03,24,2,3,45
115,مركزي,2-25-01,01,25,2,3,46
116,نارنجستان,2-27-02,02,27,2,3,51
117,مرکزي,2-28-01,01,28,2,3,47
118,كلباد,2-22-01,01,22,2,3,48
119,مركزئ,2-22-02,02,22,2,3,48
120,دهفري,2-23-01,01,23,2,3,49
121,مركزي,2-23-02,02,23,2,3,49
122,گهرباران,2-25-02,02,25,2,3,46
123,مرکزي,2-26-01,01,26,2,3,50
124,تالارپي,2-26-02,02,26,2,3,50
125,مرکزي,2-27-01,01,27,2,3,51
126,فندقلو,3-02-05,05,02,3,3,52
127,مرکزي,3-02-02,02,02,3,3,52
128,مرکزي,3-03-03,03,03,3,3,53
129,سراجو,3-06-03,03,06,3,3,55
130,خسروشاه,3-03-04,04,03,3,3,53
131,مرکزي,3-05-01,01,05,3,3,54
132,مهربان,3-05-02,02,05,3,3,54
133,مرکزي,3-06-02,02,06,3,3,55
134,مرکزي,3-07-02,02,07,3,3,56
135,يامچي,3-07-03,03,07,3,3,56
136,کشکسرای,3-07-04,04,07,3,3,56
137,ترکمانچاي,3-10-01,01,10,3,3,57
138,نظرکهريزي,3-11-03,03,11,3,3,59
139,کاغذکنان,3-10-02,02,10,3,3,57
140,کندوان,3-10-03,03,10,3,3,57
141,مرکزي,3-10-04,04,10,3,3,57
142,صوفيان,3-14-01,01,14,3,3,58
143,مرکزي,3-11-02,02,11,3,3,59
144,مرکزي,3-12-01,01,12,3,3,60
145,آبش احمد,3-15-03,03,15,3,3,62
146,تيکمه داش,3-13-01,01,13,3,3,61
147,مرکزي,3-13-02,02,13,3,3,61
148,مرکزي,3-15-02,02,15,3,3,62
149,خواجه,3-16-01,01,16,3,3,63
150,مرکزي,3-14-02,02,14,3,3,58
151,تسوج,3-14-03,03,14,3,3,58
152,مرکزي,3-16-02,02,16,3,3,63
153,سيه رود,3-19-01,01,19,3,3,64
154,مرکزي,3-19-02,02,19,3,3,64
155,ليلان,3-20-01,01,20,3,3,65
156,مرکزي,3-20-02,02,20,3,3,65
157,گوگان,3-21-01,01,21,3,3,66
158,ممقان,3-21-02,02,21,3,3,66
159,حومه,3-21-03,03,21,3,3,66
160,مرکزي,3-22-02,02,22,3,3,67
161,ايلخچي,3-22-01,01,22,3,3,67
162,شاديان,3-23-01,01,23,3,3,68
163,مرکزي,3-23-02,02,23,3,3,68
164,خاروانا,3-24-01,01,24,3,3,69
165,مرکزي,3-24-02,02,24,3,3,69
166,قلعه چاي,3-25-01,01,25,3,3,70
167,مرکزي,3-25-02,02,25,3,3,70
168,چهاردانگه,3-27-02,02,27,3,3,72
169,مرکزي,3-26-01,01,26,3,3,71
170,گرمادوز,3-26-02,02,26,3,3,71
171,منجوان,3-26-03,03,26,3,3,71
172,مرکزي,3-27-01,01,27,3,3,72
173,انزل,4-01-01,01,01,4,3,73
174,سيلوانه,4-01-02,02,01,4,3,73
175,صومائ برادوست,4-01-03,03,01,4,3,73
176,مركزئ,4-01-04,04,01,4,3,73
177,نازلو,4-01-05,05,01,4,3,73
178,مركزئ,4-02-01,01,02,4,3,74
179,ايواوغلي,4-03-04,04,03,4,3,75
180,صفائيه,4-03-03,03,03,4,3,75
181,قطور,4-03-05,05,03,4,3,75
182,لاجان,4-02-02,02,02,4,3,74
183,مركزئ,4-03-02,02,03,4,3,75
184,فيرورق,4-03-06,06,03,4,3,75
185,مركزئ,4-04-01,01,04,4,3,76
186,وزينه,4-04-02,02,04,4,3,76
187,ربط,4-04-03,03,04,4,3,76
188,مركزئ,4-05-01,01,05,4,3,77
189,محمديار,4-09-03,03,09,4,3,82
190,كوهسار,4-05-02,02,05,4,3,77
191,مركزئ,4-06-04,04,06,4,3,78
192,بازرگان,4-06-05,05,06,4,3,78
193,خليفان,4-07-01,01,07,4,3,79
194,مركزئ,4-07-02,02,07,4,3,79
195,مركزئ,4-08-03,03,08,4,3,80
196,حاجيلار,4-16-01,01,16,4,3,81
197,مرحمت آباد,4-08-04,04,08,4,3,80
198,باروق,4-08-05,05,08,4,3,80
199,بکتاش,4-08-06,06,08,4,3,80
200,مركزئ,4-09-02,02,09,4,3,82
201,سيمينه,4-10-01,01,10,4,3,83
202,مركزئ,4-10-02,02,10,4,3,83
203,مركزئ,4-11-01,01,11,4,3,84
204,مركزئ,4-13-01,01,13,4,3,85
205,نالوس,4-13-02,02,13,4,3,85
206,دشتك,4-14-01,01,14,4,3,86
207,مركزئ,4-14-02,02,14,4,3,86
208,كشاورز,4-11-02,02,11,4,3,84
209,مركزئ,4-12-01,01,12,4,3,87
210,تخت سليمان,4-12-02,02,12,4,3,87
211,ارس,4-15-01,01,15,4,3,88
212,مركزئ,4-15-02,02,15,4,3,88
213,مركزئ,4-16-02,02,16,4,3,81
214,قره قويون,4-17-01,01,17,4,3,89
215,مركزئ,4-17-02,02,17,4,3,89
216,حميل,5-01-01,01,01,5,3,90
217,مرکزي,5-01-03,03,01,5,3,90
218,فيروزاباد,5-02-03,03,02,5,3,91
219,مرکزي,5-02-04,04,02,5,3,91
220,ماهيدشت,5-02-06,06,02,5,3,91
221,بيلوار,5-02-08,08,02,5,3,91
222,کوزران,5-02-07,07,02,5,3,91
223,مرکزي,5-03-02,02,03,5,3,92
224,باينگان,5-03-01,01,03,5,3,92
225,نوسود,5-03-03,03,03,5,3,92
226,مرکزي,5-04-01,01,04,5,3,93
227,مرکزي,5-05-01,01,05,5,3,94
228,قلعه شاهين,5-04-02,02,04,5,3,93
229,سومار,5-06-01,01,06,5,3,95
230,کليايي,5-05-02,02,05,5,3,94
231,مرکزي,5-06-02,02,06,5,3,95
232,مرکزي,5-07-01,01,07,5,3,96
233,مرکزي,5-08-01,01,08,5,3,97
234,مرکزي,5-09-03,03,09,5,3,98
235,کلاشي,5-09-04,04,09,5,3,98
236,دينور,5-10-01,01,10,5,3,99
237,گواور,5-08-02,02,08,5,3,97
238,بيستون,5-11-01,01,11,5,3,100
239,مرکزي,5-10-02,02,10,5,3,99
240,مرکزي,5-12-01,01,12,5,3,101
241,ازگله,5-12-02,02,12,5,3,101
242,زمکان,5-12-03,03,12,5,3,101
243,مرکزي,5-11-02,02,11,5,3,100
244,گهواره,5-13-01,01,13,5,3,102
245,مرکزي,5-13-02,02,13,5,3,102
246,شاهو,5-14-01,01,14,5,3,103
247,مرکزي,5-14-02,02,14,5,3,103
248,اروندکنار,6-01-01,01,01,6,3,104
249,مرکزي,6-01-02,02,01,6,3,104
250,الوارگرمسيري,6-02-01,01,02,6,3,105
251,مرکزي,6-02-02,02,02,6,3,105
252,مرکزي,6-03-02,02,03,6,3,106
253,اسماعيليه,6-03-04,04,03,6,3,106
254,غيزانيه,6-03-05,05,03,6,3,106
255,دهدز,6-04-02,02,04,6,3,107
256,بندرامام خميني,6-05-01,01,05,6,3,108
257,مرکزي,6-05-02,02,05,6,3,108
258,مرکزي,6-04-03,03,04,6,3,107
259,سوسن,6-04-04,04,04,6,3,107
260,زيدون,6-06-02,02,06,6,3,109
261,مرکزي,6-06-03,03,06,6,3,109
262,تشان,6-06-04,04,06,6,3,109
263,مرکزي,6-07-01,01,07,6,3,110
264,شهيون,6-08-04,04,08,6,3,112
265,مرکزي,6-10-02,02,10,6,3,111
266,مينو,6-07-02,02,07,6,3,110
267,سردشت,6-08-01,01,08,6,3,112
268,بستان,6-09-01,01,09,6,3,113
269,مرکزي,6-09-02,02,09,6,3,113
270,مرکزي,6-08-02,02,08,6,3,112
271,چغاميش,6-08-03,03,08,6,3,112
272,رودزرد,6-10-03,03,10,6,3,111
273,سلطان آباد,6-10-04,04,10,6,3,111
274,ابولفارس,6-10-05,05,10,6,3,111
275,مرکزي,6-11-01,01,11,6,3,114
276,خنافره,6-11-02,02,11,6,3,114
277,دارخوين,6-11-03,03,11,6,3,114
278,مرکزي,6-12-02,02,12,6,3,115
279,شعيبيه,6-12-03,03,12,6,3,115
280,ميان آب,6-12-04,04,12,6,3,115
281,مرکزي,6-13-03,03,13,6,3,116
282,گلگير,6-13-04,04,13,6,3,116
283,عنبر,6-13-05,05,13,6,3,116
284,مرکزي,6-14-02,02,14,6,3,117
285,فتح المبين,6-14-03,03,14,6,3,117
286,مرکزي,6-15-02,02,15,6,3,118
287,صيدون,6-15-03,03,15,6,3,118
288,ميداود,6-15-04,04,15,6,3,118
289,جايزان,6-16-01,01,16,6,3,119
290,مرکزي,6-16-02,02,16,6,3,119
291,مرکزي,6-22-02,02,22,6,3,126
292,نيسان,6-23-01,01,23,6,3,120
293,مرکزي,6-19-01,01,19,6,3,121
294,مرکزي,6-17-01,01,17,6,3,122
295,حتي,6-17-02,02,17,6,3,122
296,مرکزي,6-18-01,01,18,6,3,123
297,چم خلف عيسي,6-18-02,02,18,6,3,123
298,مشراگه,6-19-02,02,19,6,3,121
299,عقيلي,6-20-01,01,20,6,3,124
300,مرکزي,6-20-02,02,20,6,3,124
301,آبژدان,6-21-01,01,21,6,3,125
302,چلو,6-21-02,02,21,6,3,125
303,مرکزي,6-21-03,03,21,6,3,125
304,رغيوه,6-22-01,01,22,6,3,126
305,مرکزي,6-23-02,02,23,6,3,120
306,مرکزي,6-24-01,01,24,6,3,127
307,ويس,6-24-02,02,24,6,3,127
308,مرکزي,6-25-01,01,25,6,3,128
309,گمبوعه,6-25-02,02,25,6,3,128
310,مرکزي,6-26-01,01,26,6,3,129
311,جولکي,6-26-02,02,26,6,3,129
312,مرکزي,6-27-01,01,27,6,3,130
313,سويسه,6-27-02,02,27,6,3,130
314,مرکزی,6-28-01,01,28,6,3,131
315,شاوور,6-28-02,02,28,6,3,131
316,مرکزي,7-01-04,04,01,7,3,132
317,بهمن صغاد,7-01-05,05,01,7,3,132
318,رونيز,7-02-01,01,02,7,3,133
319,حسن آباد,7-03-03,03,03,7,3,134
320,مرکزي,7-02-02,02,02,7,3,133
321,سده,7-03-01,01,03,7,3,134
322,مرکزي,7-03-02,02,03,7,3,134
323,سيمکان,7-04-02,02,04,7,3,135
324,کرديان,7-04-03,03,04,7,3,135
325,مرکزي,7-04-04,04,04,7,3,135
326,رستاق,7-05-02,02,05,7,3,136
327,مرکزي,7-05-03,03,05,7,3,136
328,فورگ,7-05-04,04,05,7,3,136
329,جنت,7-05-05,05,05,7,3,136
330,ارژن,7-07-06,06,07,7,3,138
331,فسارود,7-05-06,06,05,7,3,136
332,مرکزي,7-06-02,02,06,7,3,137
333,همايجان,7-06-03,03,06,7,3,137
334,مرکزي,7-07-05,05,07,7,3,138
335,ششده وقره بلاغ,7-08-01,01,08,7,3,139
336,شيبکوه,7-08-02,02,08,7,3,139
337,مرکزي,7-08-03,03,08,7,3,139
338,نوبندگان,7-08-04,04,08,7,3,139
339,مرکزي,7-09-03,03,09,7,3,140
340,ميمند,7-09-04,04,09,7,3,140
341,جره وبالاده,7-10-01,01,10,7,3,141
342,کنار تخته و کمارج,7-10-02,02,10,7,3,141
343,مرکزي,7-10-04,04,10,7,3,141
344,خشت,7-10-06,06,10,7,3,141
345,جويم,7-11-02,02,11,7,3,142
346,مرکزي,7-11-04,04,11,7,3,142
347,بيرم,7-11-05,05,11,7,3,142
348,کامفيروز,7-12-03,03,12,7,3,143
349,مرکزي,7-12-04,04,12,7,3,143
350,بنارويه,7-11-07,07,11,7,3,142
351,صحراي باغ,7-11-08,08,11,7,3,142
352,درودزن,7-12-05,05,12,7,3,143
353,سيدان,7-12-06,06,12,7,3,143
354,مرکزي,7-14-03,03,14,7,3,145
355,کامفيروز شمالي,7-12-07,07,12,7,3,143
356,ماهورميلاني,7-13-02,02,13,7,3,144
357,مرکزي,7-13-03,03,13,7,3,144
358,دشمن زياري,7-13-05,05,13,7,3,144
359,جوزار,7-13-06,06,13,7,3,144
360,پشتکوه,7-14-02,02,14,7,3,145
361,قطرويه,7-14-04,04,14,7,3,145
362,مرکزي,7-15-01,01,15,7,3,146
363,اشکنان,7-15-03,03,15,7,3,146
364,علامرودشت,7-15-04,04,15,7,3,146
365,چاه ورز,7-15-05,05,15,7,3,146
366,خیرگو,7-15-06,06,15,7,3,146
367,مرکزي,7-16-02,02,16,7,3,147
368,مزايجان,7-16-03,03,16,7,3,147
369,مرکزي,7-17-01,01,17,7,3,148
370,مشهدمرغاب,7-18-01,01,18,7,3,149
371,مرکزي,7-18-02,02,18,7,3,149
372,ايزدخواست,7-19-01,01,19,7,3,150
373,مرکزي,7-19-02,02,19,7,3,150
374,افزر,7-20-01,01,20,7,3,151
375,مرکزي,7-20-02,02,20,7,3,151
376,کوهنجان,7-25-01,01,25,7,3,152
377,سورنا,7-26-01,01,26,7,3,153
378,گله دار,7-21-01,01,21,7,3,154
379,مرکزي,7-21-02,02,21,7,3,154
380,وراوي,7-21-03,03,21,7,3,154
381,اسير,7-21-04,04,21,7,3,154
382,مرکزي,7-22-01,01,22,7,3,155
383,دهرم,7-22-02,02,22,7,3,155
384,مرکزي,7-23-01,01,23,7,3,156
385,پاسارگاد,7-23-02,02,23,7,3,156
386,محمله,7-24-01,01,24,7,3,157
387,مرکزي,7-24-02,02,24,7,3,157
388,مرکزي,7-25-02,02,25,7,3,152
389,کربال,7-29-01,01,29,7,3,158
390,مرکزي,7-29-02,02,29,7,3,158
391,مرکزي,7-30-01,01,30,7,3,159
392,مرکزي,7-26-02,02,26,7,3,153
393,مرکزي,7-27-01,01,27,7,3,160
394,ارد,7-27-02,02,27,7,3,160
395,مرکزي,7-28-01,01,28,7,3,161
396,طسوج,7-28-02,02,28,7,3,161
397,رحمت آباد,7-30-02,02,30,7,3,159
398,مرکزي,7-31-01,01,31,7,3,162
399,بانش,7-31-02,02,31,7,3,162
400,مرکزي,7-32-01,01,32,7,3,163
401,باغ صفا,7-32-02,02,32,7,3,163
402,مرکزي,7-33-01,01,33,7,3,164
403,کوهمره,7-33-02,02,33,7,3,164
404,مرکزي,7-34-01,01,34,7,3,165
405,راهگان,7-34-02,02,34,7,3,165
406,مرکزي,7-35-01,01,35,7,3,166
407,حناء,7-35-02,02,35,7,3,166
408,مرکزي,7-36-01,01,36,7,3,167
409,بيدشهر,7-36-02,02,36,7,3,167
410,مركزئ,8-01-03,03,01,8,3,168
411,ساردوئيه,8-03-01,01,03,8,3,169
412,خبر,8-01-04,04,01,8,3,168
413,مركزئ,8-02-03,03,02,8,3,170
414,بروات,8-02-07,07,02,8,3,170
415,مركزئ,8-03-04,04,03,8,3,169
416,دهبکري,8-02-08,08,02,8,3,170
417,جبالبارز,8-03-02,02,03,8,3,169
418,اسماعيلي,8-03-05,05,03,8,3,169
419,اسفندقه,8-03-06,06,03,8,3,169
420,مركزئ,8-04-02,02,04,8,3,171
421,كشكوئيه,8-04-03,03,04,8,3,171
422,نوق,8-04-04,04,04,8,3,171
423,فردوس,8-04-05,05,04,8,3,171
424,مركزئ,8-05-02,02,05,8,3,172
425,يزدان آباد,8-05-03,03,05,8,3,172
426,مركزئ,8-06-01,01,06,8,3,173
427,پاريز,8-06-02,02,06,8,3,173
428,گلستان,8-06-03,03,06,8,3,173
429,زيدآباد,8-06-04,04,06,8,3,173
430,بلورد,8-06-05,05,06,8,3,173
431,مركزئ,8-07-01,01,07,8,3,174
432,مركزئ,8-08-05,05,08,8,3,175
433,ماهان,8-08-04,04,08,8,3,175
434,دهج,8-07-02,02,07,8,3,174
435,شهداد,8-08-02,02,08,8,3,175
436,گلباف,8-08-03,03,08,8,3,175
437,راين,8-08-06,06,08,8,3,175
438,چترود,8-08-07,07,08,8,3,175
439,مركزئ,8-09-04,04,09,8,3,176
440,چاه مريد,8-09-05,05,09,8,3,176
441,مركزئ,8-10-01,01,10,8,3,177
442,لاله زار,8-10-02,02,10,8,3,177
443,گلزار,8-10-03,03,10,8,3,177
444,نگار,8-10-04,04,10,8,3,177
445,كوهساران,8-11-01,01,11,8,3,178
446,مركزئ,8-11-02,02,11,8,3,178
447,مركزئ,8-12-01,01,12,8,3,179
448,جبالبارزجنوبي,8-12-03,03,12,8,3,179
449,مركزئ,8-13-01,01,13,8,3,180
450,آسمينون,8-13-02,02,13,8,3,180
451,طغرل الجرد,8-14-01,01,14,8,3,181
452,مركزئ,8-14-02,02,14,8,3,181
453,جازموريان,8-15-01,01,15,8,3,182
454,مركزئ,8-15-02,02,15,8,3,182
455,چاه دادخدا,8-16-01,01,16,8,3,183
456,مركزئ,8-16-02,02,16,8,3,183
457,گنبكي,8-17-01,01,17,8,3,184
458,مركزئ,8-17-02,02,17,8,3,184
459,مركزي,8-18-01,01,18,8,3,185
460,هنزا,8-18-02,02,18,8,3,185
461,مركزي,8-19-01,01,19,8,3,186
462,نگين كوير,8-19-02,02,19,8,3,186
463,انار,8-20-01,01,20,8,3,187
464,مركزي,8-21-01,01,21,8,3,188
465,روداب,8-21-02,02,21,8,3,188
466,مركزي,8-22-01,01,22,8,3,189
467,حور,8-22-02,02,22,8,3,189
468,مرکزي,8-23-01,01,23,8,3,190
469,صوغان,8-23-02,02,23,8,3,190
470,مركزئ,9-04-02,02,04,9,3,191
471,ميان ولايت,9-04-03,03,04,9,3,191
472,بايك,9-05-01,01,05,9,3,192
473,كدكن,9-05-05,05,05,9,3,192
474,مركزئ,9-05-06,06,05,9,3,192
475,جلگه رخ,9-05-07,07,05,9,3,192
476,مركزئ,9-06-02,02,06,9,3,193
477,نصرآباد,9-06-03,03,06,9,3,193
478,نوخندان,9-07-04,04,07,9,3,194
479,بوژگان,9-06-04,04,06,9,3,193
480,پائين جام,9-06-05,05,06,9,3,193
481,چاپشلو,9-07-01,01,07,9,3,194
482,لطف آباد,9-07-02,02,07,9,3,194
483,مركزئ,9-07-03,03,07,9,3,194
484,روداب,9-08-05,05,08,9,3,195
485,مركزئ,9-08-07,07,08,9,3,195
486,آبکوه,9-13-04,04,13,9,3,197
487,مركزئ,9-13-03,03,13,9,3,197
488,مركزئ,9-14-04,04,14,9,3,196
489,قوچان عتیق,9-13-05,05,13,9,3,197
490,باجگيران,9-13-01,01,13,9,3,197
491,فرح دشت,9-14-05,05,14,9,3,196
492,مركزئ,9-15-02,02,15,9,3,198
493,مركزئ,9-16-05,05,16,9,3,199
494,كاخك,9-15-03,03,15,9,3,198
495,احمدآباد,9-16-01,01,16,9,3,199
496,رضويه,9-16-06,06,16,9,3,199
497,سرولايت,9-17-03,03,17,9,3,200
498,مركزئ,9-17-04,04,17,9,3,200
499,ميان جلگه,9-17-05,05,17,9,3,200
500,مركزئ,9-18-02,02,18,9,3,201
501,جلگه زوزن,9-19-03,03,19,9,3,203
502,رادکان,9-18-03,03,18,9,3,201
503,سید آباد,9-18-04,04,18,9,3,201
504,سلامي,9-19-04,04,19,9,3,203
505,مرزداران,9-20-01,01,20,9,3,202
506,سنگان,9-19-01,01,19,9,3,203
507,مركزئ,9-19-02,02,19,9,3,203
508,مركزئ,9-27-02,02,27,9,3,206
509,مركزئ,9-20-02,02,20,9,3,202
510,مركزئ,9-22-02,02,22,9,3,204
511,قلندرآباد,9-22-01,01,22,9,3,204
512,انابد,9-23-01,01,23,9,3,205
513,شهرآباد,9-23-03,03,23,9,3,205
514,جنگل,9-27-01,01,27,9,3,206
515,مركزئ,9-23-02,02,23,9,3,205
516,زاوين,9-28-01,01,28,9,3,207
517,مركزئ,9-28-02,02,28,9,3,207
518,ششطراز,9-29-01,01,29,9,3,208
519,مركزئ,9-29-02,02,29,9,3,208
520,شادمهر,9-30-01,01,30,9,3,209
521,مركزئ,9-30-02,02,30,9,3,209
522,مركزي,9-31-01,01,31,9,3,210
523,يونسي,9-31-02,02,31,9,3,210
524,مركزي,9-33-01,01,33,9,3,211
525,شانديز,9-32-02,02,32,9,3,212
526,هلالي,9-34-02,02,34,9,3,215
527,طرقبه,9-32-01,01,32,9,3,212
528,مركزي,9-35-01,01,35,9,3,213
529,مركزي,9-36-01,01,36,9,3,214
530,طاغنكوه,9-33-02,02,33,9,3,211
531,مركزي,9-34-01,01,34,9,3,215
532,بالا ولايت,9-37-02,02,37,9,3,217
533,مركزي,9-38-01,01,38,9,3,216
534,سليمان,9-35-02,02,35,9,3,213
535,نوده انقلاب,9-38-03,03,38,9,3,216
536,عطاملك,9-36-02,02,36,9,3,214
537,مركزي,9-37-01,01,37,9,3,217
538,مشكان,9-38-02,02,38,9,3,216
539,مرکزي,9-39-01,01,39,9,3,218
540,باشتين,9-39-02,02,39,9,3,218
541,مرکزي,9-40-01,01,40,9,3,219
542,جنت آباد,9-40-02,02,40,9,3,219
543,مرکزي,9-41-01,01,41,9,3,220
544,بررود,9-41-02,02,41,9,3,220
545,مرکزی,9-42-01,01,42,9,3,221
546,اسحاق آباد,9-42-02,02,42,9,3,221
547,مرکزی,9-43-01,01,43,9,3,222
548,شامکان,9-43-02,02,43,9,3,222
549,مرکزی,9-44-01,01,44,9,3,223
550,گلمکان,9-44-02,02,44,9,3,223
551,مرکزي,10-01-01,01,01,10,3,224
552,زواره,10-01-02,02,01,10,3,224
553,مهاباد,10-01-03,03,01,10,3,224
554,جرقويه سفلي,10-02-01,01,02,10,3,225
555,کوهپايه,10-02-02,02,02,10,3,225
556,مرکزي,10-02-03,03,02,10,3,225
557,پادنا عليا,10-05-03,03,05,10,3,228
558,وردشت,10-05-04,04,05,10,3,228
559,جرقويه عليا,10-02-04,04,02,10,3,225
560,بن رود,10-02-05,05,02,10,3,225
561,جلگه,10-02-06,06,02,10,3,225
562,مرکزي,10-03-01,01,03,10,3,226
563,مرکزي,10-04-01,01,04,10,3,227
564,پادنا,10-05-01,01,05,10,3,228
565,مرکزي,10-05-02,02,05,10,3,228
566,مرکزي,10-06-03,03,06,10,3,229
567,زنده رود,10-06-04,04,06,10,3,229
568,مرکزي,10-07-01,01,07,10,3,230
569,پيربکران,10-08-01,01,08,10,3,231
570,مرکزي,10-08-02,02,08,10,3,231
571,قهدريجان,10-08-03,03,08,10,3,231
572,مرکزي,10-09-02,02,09,10,3,232
573,قمصر,10-10-02,02,10,10,3,233
574,مرکزي,10-10-03,03,10,10,3,233
575,نياسر,10-10-04,04,10,10,3,233
576,برزک,10-10-05,05,10,10,3,233
577,مرکزي,10-11-01,01,11,10,3,234
578,باغ بهادران,10-12-01,01,12,10,3,235
579,مرکزي,10-12-03,03,12,10,3,235
580,انارک,10-13-01,01,13,10,3,236
581,مرکزي,10-13-03,03,13,10,3,236
582,مرکزي,10-14-02,02,14,10,3,237
583,مهردشت,10-14-03,03,14,10,3,237
584,مرکزي,10-15-01,01,15,10,3,238
585,امام زاده,10-15-02,02,15,10,3,238
586,ميمه,10-16-02,02,16,10,3,239
587,مرکزي,10-16-03,03,16,10,3,239
588,مرکزي,10-17-01,01,17,10,3,240
589,گرکن جنوبي,10-17-02,02,17,10,3,240
590,کويرات,10-18-01,01,18,10,3,241
591,مرکزي,10-18-02,02,18,10,3,241
592,کرون,10-19-01,01,19,10,3,242
593,مرکزي,10-19-02,02,19,10,3,242
594,مرکزي,10-20-02,02,20,10,3,243
595,چنارود,10-20-01,01,20,10,3,243
596,مرکزي,10-21-01,01,21,10,3,244
597,حبيب آباد,10-22-01,01,22,10,3,245
598,مرکزي,10-22-02,02,22,10,3,245
599,مرکزي,10-23-01,01,23,10,3,246
600,مرکزي,10-24-01,01,24,10,3,247
601,کرچمبو,10-24-02,02,24,10,3,247
602,بزمان,11-01-01,01,01,11,3,248
603,مرکزي,11-01-05,05,01,11,3,248
604,دامن,11-01-06,06,01,11,3,248
605,مرکزي,11-02-02,02,02,11,3,249
606,پلان,11-02-04,04,02,11,3,249
607,مرکزي,11-03-01,01,03,11,3,250
608,مرکزي,11-05-01,01,05,11,3,251
609,ايرندگان,11-03-03,03,03,11,3,250
610,پشتکوه,11-03-04,04,03,11,3,250
611,مرکزي,11-04-04,04,04,11,3,252
612,نصرت آباد,11-05-03,03,05,11,3,251
613,بم پشت,11-06-05,05,06,11,3,253
614,كورين,11-05-04,04,05,11,3,251
615,مرکزي,11-06-04,04,06,11,3,253
616,مهرگان,11-06-06,06,06,11,3,253
617,بنت,11-07-01,01,07,11,3,254
618,لاشار,11-07-04,04,07,11,3,254
619,مرکزي,11-07-05,05,07,11,3,254
620,آهوران,11-07-06,06,07,11,3,254
621,پيشين,11-08-01,01,08,11,3,255
622,مرکزي,11-08-03,03,08,11,3,255
623,پارود,11-08-05,05,08,11,3,255
624,زرآباد,11-09-01,01,09,11,3,256
625,مرکزي,11-09-02,02,09,11,3,256
626,جزينک,11-10-01,01,10,11,3,257
627,مرکزي,11-10-02,02,10,11,3,257
628,مركزي,11-11-01,01,11,11,3,258
629,قرقري,11-11-02,02,11,11,3,258
630,مركزي,11-12-01,01,12,11,3,259
631,جلگه چاه هاشم,11-12-02,02,12,11,3,259
632,مركزي,11-13-01,01,13,11,3,260
633,آشار,11-13-02,02,13,11,3,260
634,مركزي,11-14-01,01,14,11,3,261
635,هيدوچ,11-14-02,02,14,11,3,261
636,مرکزي,11-15-01,01,15,11,3,262
637,صابري,11-15-02,02,15,11,3,262
638,مرکزي,11-16-01,01,16,11,3,263
639,تيمورآباد,11-16-02,02,16,11,3,263
640,مرکزي,11-17-01,01,17,11,3,264
641,لاديز,11-17-02,02,17,11,3,264
642,ريگ ملک,11-17-03,03,17,11,3,264
643,مرکزي,11-18-01,01,18,11,3,265
644,ساربوک,11-18-02,02,18,11,3,265
645,تلنگ,11-18-03,03,18,11,3,265
646,مرکزي,11-19-01,01,19,11,3,266
647,گتيج,11-19-02,02,19,11,3,266
648,مرکزي,11-20-01,01,20,11,3,267
649,کلاتان,11-20-02,02,20,11,3,267
650,مرکزي,11-21-01,01,21,11,3,268
651,نازيل,11-21-02,02,21,11,3,268
652,گوهرکوه,11-21-03,03,21,11,3,268
653,مرکزي,11-22-01,01,22,11,3,269
654,باهوکلات,11-22-02,02,22,11,3,269
655,مرکزي,11-23-01,01,23,11,3,270
656,کيشکور,11-23-02,02,23,11,3,270
657,مينان,11-23-03,03,23,11,3,270
658,نسکند,11-23-04,04,23,11,3,270
659,مرکزي,11-24-01,01,24,11,3,271
660,کله گان,11-24-02,02,24,11,3,271
661,آرمرده,12-01-01,01,01,12,3,272
662,مركزئ,12-01-02,02,01,12,3,272
663,كراني,12-02-02,02,02,12,3,273
664,نمشير,12-01-03,03,01,12,3,272
665,مركزئ,12-02-03,03,02,12,3,273
666,ننور,12-01-04,04,01,12,3,272
667,چنگ الماس,12-02-01,01,02,12,3,273
668,زيويه,12-03-01,01,03,12,3,274
669,مركزئ,12-04-03,03,04,12,3,275
670,مركزئ,12-03-02,02,03,12,3,274
671,سرشيو,12-03-03,03,03,12,3,274
672,امام,12-03-04,04,03,12,3,274
673,كلاترزان,12-04-04,04,04,12,3,275
674,حسين آباد,12-04-05,05,04,12,3,275
675,سيروان,12-04-06,06,04,12,3,275
676,مركزئ,12-05-02,02,05,12,3,276
677,سريش آباد,12-05-03,03,05,12,3,276
678,چهاردولي,12-05-04,04,05,12,3,276
679,دلبران,12-05-05,05,05,12,3,276
680,خاووميرآباد,12-06-01,01,06,12,3,277
681,سرشيو,12-06-02,02,06,12,3,277
682,مركزئ,12-06-03,03,06,12,3,277
683,كرفتو,12-07-01,01,07,12,3,278
684,مركزئ,12-07-02,02,07,12,3,278
685,سارال,12-07-03,03,07,12,3,278
686,مركزئ,12-08-01,01,08,12,3,279
687,موچش,12-08-02,02,08,12,3,279
688,اورامان,12-09-01,01,09,12,3,280
689,مركزئ,12-09-02,02,09,12,3,280
690,مركزئ,12-10-01,01,10,12,3,281
691,بلبان آباد,12-10-02,02,10,12,3,281
692,قلقل رود,13-01-01,01,01,13,3,282
693,مرکزي,13-01-02,02,01,13,3,282
694,جوكار,13-02-01,01,02,13,3,283
695,سامن,13-02-02,02,02,13,3,283
696,مرکزي,13-02-03,03,02,13,3,283
697,زند,13-02-04,04,02,13,3,283
698,خزل,13-03-01,01,03,13,3,284
699,مرکزي,13-04-07,07,04,13,3,286
700,مرکزي,13-03-02,02,03,13,3,284
701,مرکزي,13-05-02,02,05,13,3,287
702,زرين دشت,13-03-03,03,03,13,3,284
703,گيان,13-03-04,04,03,13,3,284
704,لالجين,13-07-01,01,07,13,3,285
705,شراء,13-04-05,05,04,13,3,286
706,گل تپه,13-05-01,01,05,13,3,287
707,صالح آباد,13-07-03,03,07,13,3,285
708,شيرين سو,13-05-03,03,05,13,3,287
709,مرکزي,13-06-01,01,06,13,3,288
710,پيرسلمان,13-06-02,02,06,13,3,288
711,مرکزي,13-07-02,02,07,13,3,285
712,سردرود,13-08-01,01,08,13,3,289
713,مرکزي,13-08-03,03,08,13,3,289
714,مركزي,13-09-01,01,09,13,3,290
715,پيشخور,13-09-02,02,09,13,3,290
716,شاهنجرين,13-10-01,01,10,13,3,291
717,مرکزي,13-10-02,02,10,13,3,291
718,جونقان,14-03-04,04,03,14,3,294
719,گندمان,14-01-02,02,01,14,3,292
720,مرکزي,14-01-03,03,01,14,3,292
721,بلداجي,14-01-04,04,01,14,3,292
722,مرکزي,14-02-02,02,02,14,3,293
723,لاران,14-02-05,05,02,14,3,293
724,فرخشهر,14-02-06,06,02,14,3,293
725,مرکزي,14-03-02,02,03,14,3,294
726,بابا حيدر,14-03-03,03,03,14,3,294
727,دوآب صمصامي,14-06-03,03,06,14,3,298
728,فلارد,14-04-01,01,04,14,3,295
729,مرکزي,14-07-01,01,07,14,3,296
730,مرکزي,14-04-02,02,04,14,3,295
731,منج,14-04-04,04,04,14,3,295
732,روددشت,14-04-05,05,04,14,3,295
733,مرکزي,14-05-01,01,05,14,3,297
734,ميانکوه,14-05-02,02,05,14,3,297
735,بازفت,14-06-01,01,06,14,3,298
736,مرکزي,14-06-02,02,06,14,3,298
737,ناغان,14-07-02,02,07,14,3,296
738,مرکزي,14-08-01,01,08,14,3,299
739,زاينده رود,14-08-02,02,08,14,3,299
740,مرکزي,14-09-01,01,09,14,3,300
741,شيدا,14-09-02,02,09,14,3,300
742,مرکزي,14-10-01,01,10,14,3,301
743,ارمند,14-10-02,02,10,14,3,301
744,ززوماهرو,15-01-02,02,01,15,3,302
745,مرکزي,15-01-03,03,01,15,3,302
746,ذلقي,15-01-04,04,01,15,3,302
747,بربرود غربي,15-01-05,05,01,15,3,302
748,بربرود شرقي,15-01-06,06,01,15,3,302
749,اشترينان,15-02-01,01,02,15,3,303
750,پاپي,15-03-02,02,03,15,3,304
751,مرکزي,15-02-02,02,02,15,3,303
752,بيرانوند,15-03-03,03,03,15,3,304
753,زاغه,15-03-05,05,03,15,3,304
754,مرکزي,15-03-06,06,03,15,3,304
755,طرهان,15-06-02,02,06,15,3,305
756,مرکزي,15-06-03,03,06,15,3,305
757,کاکاوند,15-04-01,01,04,15,3,306
758,مرکزي,15-04-02,02,04,15,3,306
759,خاوه,15-04-03,03,04,15,3,306
760,سيلاخور,15-05-01,01,05,15,3,307
761,مرکزي,15-05-02,02,05,15,3,307
762,جاپلق,15-07-01,01,07,15,3,308
763,کوهناني,15-06-04,04,06,15,3,305
764,درب گنبد,15-06-05,05,06,15,3,305
765,مرکزي,15-07-02,02,07,15,3,308
766,معمولان,15-08-02,02,08,15,3,309
767,مرکزي,15-08-01,01,08,15,3,309
768,فيروزآباد,15-09-01,01,09,15,3,310
769,مرکزي,15-09-02,02,09,15,3,310
770,چگني,15-10-01,01,10,15,3,311
771,شاهيوند,15-10-02,02,10,15,3,311
772,ويسيان,15-10-03,03,10,15,3,311
773,سوري,15-11-01,01,11,15,3,312
774,مرکزي,15-11-02,02,11,15,3,312
775,زاگرس,16-04-05,05,04,16,3,317
776,صالح آباد,16-05-02,02,05,16,3,313
777,مركزئ,16-05-03,03,05,16,3,313
778,مركزئ,16-01-03,03,01,16,3,314
779,سيوان,16-01-04,04,01,16,3,314
780,مركزئ,16-02-03,03,02,16,3,315
781,ماژين,16-02-04,04,02,16,3,315
782,زرين آباد,16-03-01,01,03,16,3,316
783,مركزئ,16-03-02,02,03,16,3,316
784,موسيان,16-03-03,03,03,16,3,316
785,سراب ميمه,16-03-04,04,03,16,3,316
786,دشت عباس,16-03-05,05,03,16,3,316
787,مركزئ,16-04-02,02,04,16,3,317
788,شباب,16-04-04,04,04,16,3,317
789,كلات,16-06-01,01,06,16,3,318
790,مركزئ,16-06-02,02,06,16,3,318
791,سراب باغ,16-06-03,03,06,16,3,318
792,زرنه,16-07-01,01,07,16,3,319
793,مركزئ,16-07-02,02,07,16,3,319
794,مركزي,16-08-01,01,08,16,3,320
795,گچي,16-08-02,02,08,16,3,320
796,مرکزي,16-09-01,01,09,16,3,321
797,کارزان,16-09-02,02,09,16,3,321
798,مرکزي,16-10-01,01,10,16,3,322
799,هندميني,16-10-02,02,10,16,3,322
800,مرکزي,16-11-01,01,11,16,3,323
801,جزمان,16-11-02,02,11,16,3,323
802,مرکزی,16-12-01,01,12,16,3,324
803,بولی,16-12-02,02,12,16,3,324
804,کبگيان,17-01-05,05,01,17,3,325
805,مركزئ,17-01-03,03,01,17,3,325
806,لوداب,17-01-04,04,01,17,3,325
807,سپیدار,17-01-06,06,01,17,3,325
808,چاروسا,17-02-02,02,02,17,3,326
809,مركزئ,17-02-05,05,02,17,3,326
810,ديشموك,17-02-06,06,02,17,3,326
811,سوق,17-02-07,07,02,17,3,326
812,موگرمون,17-08-02,02,08,17,3,333
813,مرکزي,17-09-01,01,09,17,3,327
814,مركزئ,17-03-02,02,03,17,3,328
815,پاتاوه,17-04-01,01,04,17,3,329
816,مركزئ,17-04-03,03,04,17,3,329
817,بهمئي گرمسيرئ,17-05-01,01,05,17,3,330
818,مركزئ,17-05-02,02,05,17,3,330
819,مركزي,17-06-01,01,06,17,3,331
820,سرفارياب,17-06-02,02,06,17,3,331
821,مركزي,17-07-01,01,07,17,3,332
822,بوستان,17-07-02,02,07,17,3,332
823,مرکزي,17-08-01,01,08,17,3,333
824,زيلايي,17-09-02,02,09,17,3,327
825,خارك,18-01-01,01,01,18,3,334
826,مركزئ,18-01-02,02,01,18,3,334
827,چغادک,18-01-03,03,01,18,3,334
828,دلوار,18-02-01,01,02,18,3,335
829,مركزئ,18-02-02,02,02,18,3,335
830,سعدآباد,18-03-01,01,03,18,3,336
831,شبانكاره,18-03-02,02,03,18,3,336
832,مركزئ,18-03-03,03,03,18,3,336
833,شنبه و طسوج,18-04-03,03,04,18,3,337
834,ارم,18-03-04,04,03,18,3,336
835,بوشكان,18-03-05,05,03,18,3,336
836,آب پخش,18-03-06,06,03,18,3,336
837,كاكي,18-04-01,01,04,18,3,337
838,مركزئ,18-04-02,02,04,18,3,337
839,مركزئ,18-09-02,02,09,18,3,342
840,بردخون,18-05-01,01,05,18,3,338
841,مركزئ,18-05-02,02,05,18,3,338
842,آبدان,18-05-03,03,05,18,3,338
843,مركزئ,18-06-02,02,06,18,3,339
844,سيراف,18-06-03,03,06,18,3,339
845,ريگ,18-07-02,02,07,18,3,340
846,مركزئ,18-07-03,03,07,18,3,340
847,امام حسن,18-08-01,01,08,18,3,341
848,مركزئ,18-08-02,02,08,18,3,341
849,ريز,18-09-01,01,09,18,3,342
850,مرکزي,18-10-01,01,10,18,3,343
851,چاه مبارک,18-10-02,02,10,18,3,343
852,دو تپه,19-03-05,05,03,19,3,345
853,مرکزي,19-01-03,03,01,19,3,344
854,افشار,19-03-01,01,03,19,3,345
855,بزينه رود,19-03-02,02,03,19,3,345
856,مرکزي,19-03-03,03,03,19,3,345
857,سجاس رود,19-03-04,04,03,19,3,345
858,زنجانرود,19-04-02,02,04,19,3,346
859,مرکزي,19-04-05,05,04,19,3,346
860,قره پشتلو,19-04-06,06,04,19,3,346
861,حلب,19-06-01,01,06,19,3,347
862,گيلوان,19-08-03,03,08,19,3,349
863,مرکزي,19-06-02,02,06,19,3,347
864,مرکزي,19-07-01,01,07,19,3,348
865,چورزق,19-08-01,01,08,19,3,349
866,باغ حلي,19-10-02,02,10,19,3,350
867,مرکزي,19-09-02,02,09,19,3,351
868,مرکزي,19-10-01,01,10,19,3,350
869,مرکزي,19-08-02,02,08,19,3,349
870,انگوران,19-09-01,01,09,19,3,351
871,اميراباد,20-01-01,01,01,20,3,352
872,مركزئ,20-01-02,02,01,20,3,352
873,مركزئ,20-02-01,01,02,20,3,353
874,مركزئ,20-05-02,02,05,20,3,357
875,مرکزي,20-06-01,01,06,20,3,354
876,کهن آباد,20-06-02,02,06,20,3,354
877,بسطام,20-03-01,01,03,20,3,355
878,بيارجمند,20-03-02,02,03,20,3,355
879,مركزئ,20-03-03,03,03,20,3,355
880,ايوانكي,20-04-01,01,04,20,3,356
881,مركزئ,20-04-02,02,04,20,3,356
882,شهميرزاد,20-05-01,01,05,20,3,357
883,مرکزي,20-07-01,01,07,20,3,358
884,کالپوش,20-07-02,02,07,20,3,358
885,سرخه,20-08-01,01,08,20,3,359
886,خرانق,21-01-01,01,01,21,3,360
887,مركزئ,21-01-02,02,01,21,3,360
888,عقدا,21-01-03,03,01,21,3,360
889,مركزئ,21-02-02,02,02,21,3,361
890,مركزئ,21-03-02,02,03,21,3,362
891,نير,21-03-03,03,03,21,3,362
892,گاريزات,21-03-04,04,03,21,3,362
893,مركزئ,21-04-01,01,04,21,3,363
894,مركزئ,21-05-03,03,05,21,3,364
895,زارچ,21-05-04,04,05,21,3,364
896,مركزئ,21-06-01,01,06,21,3,365
897,ندوشن,21-06-02,02,06,21,3,365
898,بفروييه,21-06-03,03,06,21,3,365
899,بهمن,21-07-01,01,07,21,3,366
900,مركزئ,21-07-02,02,07,21,3,366
901,آسفيج,21-11-01,01,11,21,3,367
902,چاهک,21-09-03,03,09,21,3,369
903,خضرآباد,21-08-01,01,08,21,3,368
904,مركزئ,21-08-02,02,08,21,3,368
905,مركزئ,21-09-01,01,09,21,3,369
906,مركزي,21-11-02,02,11,21,3,367
907,مروست,21-09-02,02,09,21,3,369
908,مركزئ,22-02-04,04,02,22,3,371
909,تنب,22-01-01,01,01,22,3,370
910,مركزئ,22-01-02,02,01,22,3,370
911,فين,22-02-03,03,02,22,3,371
912,تخت,22-02-05,05,02,22,3,371
913,قلعه قاضي,22-02-06,06,02,22,3,371
914,هرمز,22-02-07,07,02,22,3,371
915,شمیل,22-02-08,08,02,22,3,371
916,شيبكوه,22-03-02,02,03,22,3,372
917,كيش,22-03-03,03,03,22,3,372
918,مركزئ,22-03-05,05,03,22,3,372
919,مهران,22-03-06,06,03,22,3,372
920,شهاب,22-04-01,01,04,22,3,373
921,مركزئ,22-04-02,02,04,22,3,373
922,حرا,22-04-04,04,04,22,3,373
923,سندرك,22-05-02,02,05,22,3,374
924,مركزئ,22-05-03,03,05,22,3,374
925,احمدئ,22-08-03,03,08,22,3,378
926,جناح,22-09-01,01,09,22,3,375
927,توكهور,22-05-04,04,05,22,3,374
928,بندزرك,22-05-05,05,05,22,3,374
929,مركزئ,22-06-02,02,06,22,3,376
930,ليردف,22-06-03,03,06,22,3,376
931,رودخانه,22-07-01,01,07,22,3,377
932,مركزئ,22-07-02,02,07,22,3,377
933,جغين,22-07-03,03,07,22,3,377
934,بيكاه,22-07-04,04,07,22,3,377
935,فارغان,22-08-01,01,08,22,3,378
936,مركزئ,22-08-02,02,08,22,3,378
937,مركزئ,22-09-02,02,09,22,3,375
938,کوخرد-هرنگ,22-09-03,03,09,22,3,375
939,رويدر,22-10-01,01,10,22,3,379
940,مركزئ,22-10-02,02,10,22,3,379
941,كوشكنار,22-11-01,01,11,22,3,380
942,مركزئ,22-11-02,02,11,22,3,380
943,بماني,22-12-01,01,12,22,3,381
944,مركزئ,22-12-02,02,12,22,3,381
945,مركزي,22-13-01,01,13,22,3,382
946,گوهران,22-13-02,02,13,22,3,382
947,گافروپارمون,22-13-03,03,13,22,3,382
948,كن,23-01-01,01,01,23,3,383
949,مركزئ,23-01-02,02,01,23,3,383
950,آفتاب,23-01-03,03,01,23,3,383
951,مركزئ,23-02-02,02,02,23,3,384
952,رودهن,23-02-03,03,02,23,3,384
953,فشاپويه,23-03-02,02,03,23,3,385
954,كهريزك,23-03-03,03,03,23,3,385
955,صفا دشت,23-17-02,02,17,23,3,395
956,مركزي,23-18-01,01,18,23,3,386
957,جليل آباد,23-18-02,02,18,23,3,386
958,مركزئ,23-03-04,04,03,23,3,385
959,خاوران,23-03-05,05,03,23,3,385
960,قلعه نو,23-03-06,06,03,23,3,385
961,رودبارقصران,23-04-01,01,04,23,3,387
962,لواسانات,23-04-02,02,04,23,3,387
963,جوادآباد,23-06-02,02,06,23,3,388
964,مركزئ,23-06-03,03,06,23,3,388
965,مركزئ,23-09-02,02,09,23,3,389
966,جوقين,23-09-03,03,09,23,3,389
967,چهاردانگه,23-10-01,01,10,23,3,390
968,مركزئ,23-10-02,02,10,23,3,390
969,احمد آباد مستوفي,23-10-03,03,10,23,3,390
970,مركزئ,23-12-02,02,12,23,3,391
971,شريف آباد,23-13-01,01,13,23,3,392
972,مركزئ,23-13-02,02,13,23,3,392
973,ارجمند,23-14-01,01,14,23,3,393
974,مركزئ,23-14-02,02,14,23,3,393
975,مركزي,23-16-01,01,16,23,3,394
976,مركزي,23-17-01,01,17,23,3,395
977,گلستان,23-19-01,01,19,23,3,396
978,بوستان,23-19-02,02,19,23,3,396
979,بومهن,23-20-01,01,20,23,3,397
980,جاجرود,23-20-02,02,20,23,3,397
981,مرکزی,23-20-03,03,20,23,3,397
982,مرکزي,23-21-01,01,21,23,3,398
983,مركزئ,24-01-01,01,01,24,3,399
984,شاهرود,24-03-03,03,03,24,3,401
985,مركزئ,24-03-04,04,03,24,3,401
986,هير,24-01-04,04,01,24,3,399
987,ثمرين,24-01-06,06,01,24,3,399
988,مركزئ,24-02-01,01,02,24,3,400
989,قشلاق دشت,24-02-02,02,02,24,3,400
990,خورش رستم,24-03-01,01,03,24,3,401
991,ارشق,24-04-01,01,04,24,3,402
992,مركزئ,24-04-02,02,04,24,3,402
993,مشكين شرقي,24-04-03,03,04,24,3,402
994,مرادلو,24-04-04,04,04,24,3,402
995,قصابه,24-04-05,05,04,24,3,402
996,مركزئ,24-05-04,04,05,24,3,403
997,موران,24-05-05,05,05,24,3,403
998,عنبران,24-08-03,03,08,24,3,407
999,مركزئ,24-09-01,01,09,24,3,404
1000,مركزئ,24-06-01,01,06,24,3,405
1001,تازه كند,24-06-03,03,06,24,3,405
1002,اسلام آباد,24-06-04,04,06,24,3,405
1003,مركزئ,24-07-01,01,07,24,3,406
1004,دره رود,24-12-02,02,12,24,3,410
1005,فيروز,24-07-02,02,07,24,3,406
1006,ويلكيج,24-08-01,01,08,24,3,407
1007,مركزئ,24-08-02,02,08,24,3,407
1008,كوراييم,24-09-02,02,09,24,3,404
1009,مركزي,24-10-01,01,10,24,3,408
1010,سبلان,24-10-02,02,10,24,3,408
1011,مرکزي,24-11-01,01,11,24,3,409
1012,بران,24-11-02,02,11,24,3,409
1013,مرکزي,24-12-01,01,12,24,3,410
1014,جعفراباد,25-01-01,01,01,25,3,411
1015,خلجستان,25-01-02,02,01,25,3,411
1016,مرکزي,25-01-03,03,01,25,3,411
1017,کهک,25-01-04,04,01,25,3,411
1018,سلفچگان,25-01-05,05,01,25,3,411
1019,رامند,26-01-02,02,01,26,3,412
1020,شال,26-01-03,03,01,26,3,412
1021,مركزئ,26-01-04,04,01,26,3,412
1022,دشتابي,26-01-06,06,01,26,3,412
1023,اسفرورين,26-02-01,01,02,26,3,413
1024,خرمدشت,26-02-02,02,02,26,3,413
1025,ضياءآباد,26-02-03,03,02,26,3,413
1026,مركزئ,26-02-04,04,02,26,3,413
1027,رودبارالموت شرقي,26-03-02,02,03,26,3,414
1028,رودبارالموت غربي,26-03-03,03,03,26,3,414
1029,طارم سفلي,26-03-04,04,03,26,3,414
1030,مركزئ,26-03-05,05,03,26,3,414
1031,كوهين,26-03-07,07,03,26,3,414
1032,بشاريات,26-04-01,01,04,26,3,415
1033,مركزئ,26-04-02,02,04,26,3,415
1034,محمديه,26-05-01,01,05,26,3,416
1035,مركزئ,26-05-02,02,05,26,3,416
1036,مرکزي,26-06-01,01,06,26,3,417
1037,آبگرم,26-06-02,02,06,26,3,417
1038,مركزئ,27-01-01,01,01,27,3,418
1039,نوكنده,27-01-02,02,01,27,3,418
1040,كمالان,27-03-02,02,03,27,3,420
1041,مركزئ,27-02-02,02,02,27,3,419
1042,سيجوال,27-02-03,03,02,27,3,419
1043,مركزئ,27-03-01,01,03,27,3,420
1044,مركزئ,27-05-02,02,05,27,3,421
1045,فندرسك,27-11-01,01,11,27,3,422
1046,مركزئ,27-04-01,01,04,27,3,423
1047,بهاران,27-05-03,03,05,27,3,421
1048,داشلي برون,27-06-02,02,06,27,3,424
1049,مركزئ,27-06-04,04,06,27,3,424
1050,مركزئ,27-07-04,04,07,27,3,425
1051,كوهسارات,27-07-05,05,07,27,3,425
1052,وشمگير,27-08-01,01,08,27,3,426
1053,مركزئ,27-08-02,02,08,27,3,426
1054,مركزئ,27-09-02,02,09,27,3,427
1055,مركزئ,27-11-02,02,11,27,3,422
1056,پيشكمر,27-09-03,03,09,27,3,427
1057,چشمه ساران,27-10-01,01,10,27,3,428
1058,مركزئ,27-10-02,02,10,27,3,428
1059,لوه,27-14-02,02,14,27,3,431
1060,مركزي,27-12-01,01,12,27,3,429
1061,گلي داغ,27-12-02,02,12,27,3,429
1062,مركزي,27-13-01,01,13,27,3,430
1063,گلدشت,27-13-02,02,13,27,3,430
1064,مرکزي,27-14-01,01,14,27,3,431
1065,گرمخان,28-02-05,05,02,28,3,433
1066,بام وصفي آباد,28-01-01,01,01,28,3,432
1067,مركزئ,28-01-02,02,01,28,3,432
1068,مركزئ,28-02-04,04,02,28,3,433
1069,جلگه سنخواست,28-03-01,01,03,28,3,434
1070,جلگه شوقان,28-03-02,02,03,28,3,434
1071,مركزئ,28-03-03,03,03,28,3,434
1072,سملقان,28-06-01,01,06,28,3,435
1073,سرحد,28-04-01,01,04,28,3,436
1074,مركزئ,28-04-02,02,04,28,3,436
1075,قوشخانه,28-04-03,03,04,28,3,436
1076,خبوشان,28-05-01,01,05,28,3,437
1077,مركزئ,28-05-02,02,05,28,3,437
1078,مانه,28-06-02,02,06,28,3,435
1079,مركزئ,28-06-03,03,06,28,3,435
1080,مركزي,28-07-01,01,07,28,3,438
1081,مرکزي,28-08-01,01,08,28,3,439
1082,غلامان,28-08-02,02,08,28,3,439
1083,جرگلان,28-08-03,03,08,28,3,439
1084,مركزئ,29-01-04,04,01,29,3,440
1085,قهستان,29-02-01,01,02,29,3,441
1086,مركزئ,29-03-01,01,03,29,3,442
1087,گزيك,29-02-02,02,02,29,3,441
1088,مركزئ,29-02-03,03,02,29,3,441
1089,مود,29-03-02,02,03,29,3,442
1090,نيمبلوك,29-04-03,03,04,29,3,443
1091,درح,29-03-03,03,03,29,3,442
1092,مركزئ,29-04-02,02,04,29,3,443
1093,سده,29-04-05,05,04,29,3,443
1094,شوسف,29-05-01,01,05,29,3,444
1095,مركزئ,29-05-02,02,05,29,3,444
1096,سرداران,29-05-03,03,05,29,3,444
1097,آيسك,29-06-01,01,06,29,3,445
1098,سه قلعه,29-06-02,02,06,29,3,445
1099,مركزي,29-08-01,01,08,29,3,446
1100,اسلاميه,29-07-03,03,07,29,3,447
1101,مرکزی,29-07-04,04,07,29,3,447
1102,زهان,29-09-02,02,09,29,3,448
1103,مرکزي,29-09-01,01,09,29,3,448
1104,شاسکوه,29-09-03,03,09,29,3,448
1105,مرکزي,29-10-01,01,10,29,3,449
1106,ارسك,29-08-02,02,08,29,3,446
1107,ديهوك,29-11-03,03,11,29,3,450
1108,جلگه ماژان,29-10-02,02,10,29,3,449
1109,دستگردان,29-11-01,01,11,29,3,450
1110,مركزئ,29-11-02,02,11,29,3,450
1111,مرکزي,30-01-01,01,01,30,3,451
1112,آسارا,30-01-03,03,01,30,3,451
1113,مرکزي,30-02-01,01,02,30,3,452
1114,چندار,30-02-03,03,02,30,3,452
1115,مرکزي,30-03-01,01,03,30,3,453
1116,تنکمان,30-03-02,02,03,30,3,453
1117,مرکزي,30-04-01,01,04,30,3,454
1118,بالا طالقان,30-04-02,02,04,30,3,454
1119,مرکزي,30-05-01,01,05,30,3,455
1120,پلنگ آباد,30-05-02,02,05,30,3,455
1121,مرکزي,30-06-01,01,06,30,3,456
1122,مشکين دشت,30-06-02,02,06,30,3,456
1123,مرکزی,30-07-01,01,07,30,3,457
1124,بخش رامجين,30-07-02,02,07,30,3,457
